空间ID,空间名,空间摘要,空间标题,空间关键字,空间描述
1,技术,技术,技术,技术,技术
2,c++,"While code monkeys are not eating bananas, they're coding.",程序员 ,程序员 ,程序员 
3,c,Python ,Python ,Python ,Python 
4,创意,创意,创意,创意,创意
5,鬼点子,请在标题中描述内容要点。如果一件事情在标题的长度内就已经可以说清楚，那就没有必要写正文了。,鬼点子,鬼点子,鬼点子
6,果粉,果粉,果粉,果粉,果粉
7,城市,城市,城市,城市,城市
8,ios,,,,
9,创业,创业,创业,创业,创业
10,社交网络,,,,
11,创业资讯,,,,
12,电子商务,,,,
13,Mac,,,,
14,帝都,,,,
15,魔都,,,,
16,广州,,,,
17,深圳,,,,
18,杭州,,,,
19,城市那些事,,,,
20,风景,,,,
22,紫荆城,,,,
23,长城,万里长城是中国古代的伟大建筑，是中华民族的象征。修筑长城的历史可以追溯到公元前9世纪，其主要目的在于防御北方民族的侵袭。,中国万里长城,中国古代 长城 象征 防御北方,万里长城是中国古代的伟大建筑，是中华民族的象征。修筑长城的历史可以追溯到公元前9世纪，其主要目的在于防御北方民族的侵袭。
24,东方明珠,,,,
25,智能硬件,,,,
26,媒体门户,,,,
27,运动,,,,
28,羽毛球,,,,
29,运动那些事,,,,
30,技术那些活,,,,
31,创意那些事,,,,
32,果粉那些事,,,,
33,风景那些地,,,,
34,大学,,,,
35,北大,,,,
36,清华,,,,
37,大学那些事,,,,
38,上海交大,,,,
39,东莞理工,,,,
40,复旦,,,,
41,浙大,,,,
42,厦大,,,,
43,武大,,,,
44,中大,,,,
45,南开,,,,
46,同济,,,,
47,哈工大,,,,
48,华理工,,,,
49,华师大,,,,
50,川大,,,,
51,广中医药,,,,
52,广工,,,,
53,广外,,,,
54,上戏,,,,
55,北戏,,,,
56,星海,,,,
57,java,,,,
58,php,,,,
59,Python ,,,,
60,android,,,,
61,mysql,,,,
62,linux,,,,
63,javascript,,,,
64,html5,,,,
65,css3,,,,
66,ruby,,,,
67,golang,,,,
68,搜索引擎,,,,
69,nosql,,,,
70,开发工具,,,,
71,奇思妙想,,,,
72,成都,,,,
73,南京,,,,
74,天津,,,,
75,东莞,,,,
76,厦门,,,,
77,佛山,,,,
78,长沙,,,,
79,大理,,,,
80,南宁,,,,
81,南昌,,,,
82,武汉,,,,
83,重庆,,,,
84,海南,,,,
85,哈尔滨,,,,
86,济南,,,,
87,洛阳,,,,
88,昆明,,,,
89,工具软件,,,,
90,消费生活,,,,
91,金融,,,,
92,医疗健康,,,,
93,企业服务,,,,
94,旅游户外,,,,
95,房产家居,,,,
96,数字娱乐,,,,
97,在线教育,,,,
98,汽车交通,,,,
99,物流,,,,
100,其他,,,,
101,iPad,,,,
102,iPhone,,,,
103,Watch,,,,
104,交易,,,,
105,二手交易,,,,
106,物物交换,,,,
107,交易那些事,,,,
108,兼职,,,,
109,兼职那些事,,,,
110,外包,,,,
111,传单,,,,
112,旅行,,,,
113,背包客,,,,
114,穷游,,,,
115,旅行那些事,,,,
116,单车族,,,,
117,自驾游,,,,
118,蜜月游,,,,
119,一个人的旅行,,,,
120,搭伴行,,,,
121,微摄影,,,,
122,川藏游,,,,
123,健康,,,,
124,食疗减肥,,,,
125,养生那些事,,,,
126,学祛痘,,,,
127,健身,,,,
128,视力,,,,
129,黑眼圈,,,,
130,亚健康,,,,
131,医学常识,,,,
138,美食,,,,
139,美食那些事,,,,
140,川菜,,,,
141,宠物,,,,
142,养宠物那些事,,,,
143,德牧,,,,
144,马犬,,,,
145,金毛,,,,
146,杜高犬,,,,
147,狼青犬,,,,
148,贵宾犬,,,,
149,泰迪犬,,,,
150,比熊,,,,
151,萨摩耶犬,,,,
152,跟团游,,,,
153,object-c,,,,
154,丽江,丽江市区中心海拔高度为2418米，与同为第二批国家历史文化名城的四川阆中、山西平遥、安徽歙县并称为“保存最为完好的四大古城”。,云南丽江,云南 丽江,丽江市区中心海拔高度为2418米，与同为第二批国家历史文化名城的四川阆中、山西平遥、安徽歙县并称为“保存最为完好的四大古城”。
155,三亚,三亚市位于海南岛最南端，因三亚河（古名临川水）有三亚东西2河至此会合，成“丫”字形，故取名“三亚”,海南三亚,海南 三亚 ,三亚市位于海南岛最南端，因三亚河（古名临川水）有三亚东西2河至此会合，成“丫”字形，故取名“三亚”
156,黄山,黄山，位于安徽省黄山市，地跨市内黟县、休宁县和黄山区、徽州区，面积1078平方公里。黄山为三山五岳中三山的之一。日出，奇松、怪石、云海、温泉素称黄山“五绝”，令海内外游人叹为观止。,中国黄山,中国 安徽 黄山 五岳 ,黄山，位于安徽省黄山市，地跨市内黟县、休宁县和黄山区、徽州区，面积1078平方公里。黄山为三山五岳中三山的之一。日出，奇松、怪石、云海、温泉素称黄山“五绝”，令海内外游人叹为观止。
157,九寨沟,九寨沟以神妙、奇幻、美艳绝伦而成为世界鲜见、中国唯一的拥有"世界自然遗产"和"世界生物圈保护区"两项国际桂冠的胜地。,中国九寨沟,中国 九寨沟 ,九寨沟以神妙、奇幻、美艳绝伦而成为世界鲜见、中国唯一的拥有"世界自然遗产"和"世界生物圈保护区"两项国际桂冠的胜地。
158,桂林,桂林是举世闻名的旅游城市，甲天下的山水勾勒出一幅唯美的中国画卷，乘一叶竹筏漂荡于漓江之上，犹如置身百里画廊，充满着诗情画意。,桂林山水,广西 桂林 山水 中国画卷  漓江,桂林是举世闻名的旅游城市，甲天下的山水勾勒出一幅唯美的中国画卷，乘一叶竹筏漂荡于漓江之上，犹如置身百里画廊，充满着诗情画意。同时也是世界著名的风景游览城市和历史文化名城以及广西壮族自治区最重要的旅游城市。作为广西第三大城市，享有山水甲天下之美誉。位于广西壮族自治区东北部，湘桂走廊南端。东、北与湖南省相邻。
159,鼓浪屿,鼓浪屿位于厦门岛西南面，原名“圆沙洲”，别名“圆洲仔”，明朝改称“鼓浪屿”。,,鼓浪屿 厦门岛  圆沙洲 圆洲仔,鼓浪屿位于厦门岛西南面，原名“圆沙洲”，别名“圆洲仔”，明朝改称“鼓浪屿”。
160,张家界,张家界是中国湖南省的省辖地级市，位于湖南西北部，澧水中上游，属武陵山脉腹地，为中国最重要的旅游城市之一。,,张家界 湖南 武陵山,张家界是中国湖南省的省辖地级市，位于湖南西北部，澧水中上游，属武陵山脉腹地，为中国最重要的旅游城市之一。
161,布达拉宫,布达拉宫享有“世界屋脊上的明珠”的美誉。以其辉煌的雄姿和藏传佛教圣地的地位，成为世所公认的藏民族象征。,布达拉宫-世界屋脊上的明珠,布达拉宫 世界 屋脊 明珠 佛教 藏民族,布达拉宫享有“世界屋脊上的明珠”的美誉。以其辉煌的雄姿和藏传佛教圣地的地位，成为世所公认的藏民族象征。
162,西湖,上有天堂，下有苏杭。”而杭州的天堂地位，多半是由于西湖。,杭州西湖,杭州 西湖 苏杭 天堂,上有天堂，下有苏杭。”而杭州的天堂地位，多半是由于西湖。
163,游戏,,,,
164,游戏那些事,,,,
165,英雄联盟 ,,,,
166,梦幻西游,,,,
167,天天酷跑,,,,
168,穿越火线,,,,
169,篮球,,,,
170,台球,,,,
171,公司游,,,,
172,乒乓球,,,,
173,足球,,,,
174,排球,,,,
175,网球,,,,
176,高尔夫,,,,
177,港大,,,,
178,艺术,,,,
179,艺术那些事,,,,
180,插画,,,,
